"UF";"Cargo";"Número do candidato";"Nome do candidato";"Nome do candidato (urna)";"Partido";"Coligação";"Turno";"Situação de totalização";"Votos nominais do candidato";"Voto em trânsito";"Votos válidos por abrangência";"% votos válidos";"Data última totalização"
"AL";"Prefeito";"45";"RUI SOARES PALMEIRA";"RUI PALMEIRA";"PSDB";"PSDB / PP / PR / PPS / PDT / DEM / PROS";"2";"Eleito";"241977";"0";"401519";"60,27";"30/10/2016 19:56:21"
"AL";"Prefeito";"15";"JOSE CICERO SOARES DE ALMEIDA";"CICERO ALMEIDA";"PMDB";"PMDB / PT do B / PHS / PV / PSC / PRB / PSD / PTB / PTN / PRTB / PC do B / SD";"2";"Não eleito";"159542";"0";"401519";"39,73";"30/10/2016 19:56:21"
"AM";"Prefeito";"45";"ARTHUR VIRGILIO DO CARMO RIBEIRO NETO";"ARTUR NETO";"PSDB";"PSL / PP / PMDB / PTN / PHS / PSDB / PV / PPL / PTB / PRP";"2";"Eleito";"581777";"0";"1039586";"55,96";"30/10/2016 18:22:49"
"AM";"Prefeito";"22";"MARCELO RAMOS RODRIGUES";"MARCELO RAMOS";"PR";"PR / PT do B / PTC / PEN / PSD / PROS / DEM";"2";"Não eleito";"457809";"0";"1039586";"44,04";"30/10/2016 18:22:49"
"AP";"Prefeito";"18";"CLÉCIO LUÍS VILHENA VIEIRA";"CLÉCIO";"REDE";"REDE / DEM / PPL / PSC / PT do B / PSDB / PC do B";"2";"Eleito";"123808";"0";"204648";"60,5";"30/10/2016 19:27:18"
"AP";"Prefeito";"15";"GILVAM PINHEIRO BORGES";"GILVAM BORGES";"PMDB";"PMDB / PROS / PDT / PPS / PTN / PSD / SD";"2";"Não eleito";"80840";"0";"204648";"39,5";"30/10/2016 19:27:18"
"BA";"Prefeito";"15";"HERZEM GUSMÃO PEREIRA";"HERZEM GUSMÃO";"PMDB";"PRB / PSC / PMB / PPL / PMDB / PPS / PTB / PSDC";"2";"Eleito";"95710";"0";"166223";"57,58";"30/10/2016 19:51:58"
"BA";"Prefeito";"13";"JOSE RAIMUNDO FONTES";"ZÉ RAIMUNDO";"PT";"PT / PP / PSL / PR / PSD";"2";"Não eleito";"70513";"0";"166223";"42,42";"30/10/2016 19:51:58"
"CE";"Prefeito";"12";"ROBERTO CLAUDIO RODRIGUES BEZERRA";"ROBERTO CLAUDIO";"PDT";"PDT / PP / DEM / PEN / PSC / PSDC / PRTB / PTC / PPS / PTN / PPL / PSL / PV / PTB / PSD / PROS / PMB / PC do B";"2";"Eleito";"678847";"0";"1416203";"47,93";"30/10/2016 19:07:27"
"CE";"Prefeito";"22";"WAGNER SOUSA GOMES";"CAPITÃO WAGNER";"PR";"PMDB / PR / PSDB / SD";"2";"Não eleito";"588451";"0";"1416203";"41,55";"30/10/2016 19:07:27"
"CE";"Prefeito";"35";"NAUMI GOMES DE AMORIM";"NAUMI AMORIM";"PMB";"PMB / PSDC / PTB / PC do B / PMDB / PRP / PPL / PMN / PT / PDT / PV / PSD / PHS / SD";"2";"Eleito";"80756";"0";"1416203";"5,7";"30/10/2016 19:24:59"
"CE";"Prefeito";"45";"EDUARDO DE CASTRO PESSOA DE LIMA";"EDUARDO PESSOA";"PSDB";"PSL / PSC / DEM / PPS / PR / PSDB / PT do B";"2";"Não eleito";"68149";"0";"1416203";"4,81";"30/10/2016 19:24:59"
"ES";"Prefeito";"45";"MAX FREITAS MAURO FILHO";"MAX FILHO";"PSDB";"PSDB / PR";"2";"Eleito";"119872";"0";"783867";"15,29";"30/10/2016 17:58:32"
"ES";"Prefeito";"18";"AUDIFAX CHARLES PIMENTEL BARCELOS";"AUDIFAX";"REDE";"REDE / PMDB / PTC / PSDC / PC do B / PHS / PTN / PV / PPS / PSB / PP";"2";"Eleito";"112344";"0";"783867";"14,33";"30/10/2016 18:18:05"
"ES";"Prefeito";"12";"ANTONIO SERGIO ALVES VIDIGAL";"SERGIO  VIDIGAL";"PDT";"PDT / PTB / PRB / PSL / PSC / DEM / PMN / PRP / PSDB / PEN / PSD / PT do B / SD / PROS";"2";"Não eleito";"107050";"0";"783867";"13,66";"30/10/2016 18:18:05"
"ES";"Prefeito";"23";"LUCIANO SANTOS REZENDE";"LUCIANO";"PPS";"PPS / PSDC / PC do B / REDE / PHS / PP / PV / PSB / PROS / PRB / PPL / PEN";"2";"Eleito";"95458";"0";"783867";"12,18";"30/10/2016 17:52:00"
"ES";"Prefeito";"23";"GERALDO LUZIA DE OLIVEIRA JUNIOR";"JUNINHO";"PPS";"PPS / PSDB / PMN / PR / PHS / PP / PDT / PRTB / PROS / PMB / PV / PEN / PSD / SD";"2";"Eleito";"91631";"0";"783867";"11,69";"30/10/2016 18:16:01"
"ES";"Prefeito";"77";"AMARO ROCHA NASCIMENTO NETO";"AMARO NETO";"SD";"SD / PDT / DEM / PRTB / PSD / PMB / PTC / PR / PTN / PT do B";"2";"Não eleito";"91034";"0";"783867";"11,61";"30/10/2016 17:52:00"
"ES";"Prefeito";"55";"NEUCIMAR FERREIRA FRAGA";"NEUCIMAR FRAGA";"PSD";"PSD / PV / PROS / PT do B / PHS / PMN / PSC / PC do B / PP";"2";"Não eleito";"83622";"0";"783867";"10,67";"30/10/2016 17:58:32"
"ES";"Prefeito";"15";"ALEXANDRE MARCELO COUTINHO SANTOS";"MARCELO SANTOS";"PMDB";"PMDB / DEM / PSC / PRP / PTB / PSL / PT do B / PRB";"2";"Não eleito";"82856";"0";"783867";"10,57";"30/10/2016 18:16:01"
"GO";"Prefeito";"15";"IRIS REZENDE MACHADO";"IRIS REZENDE";"PMDB";"PMDB / DEM / PDT / PRP / PTC / PRTB";"2";"Eleito";"379318";"0";"830597";"45,67";"30/10/2016 19:17:11"
"GO";"Prefeito";"40";"VANDERLAN VIEIRA CARDOSO";"VANDERLAN";"PSB";"PSB / PSC / PHS / PSL / PP / PV / PPS / PMB / PSDB / PRB / SD / PSDC";"2";"Não eleito";"278074";"0";"830597";"33,48";"30/10/2016 19:17:11"
"GO";"Prefeito";"14";"ROBERTO NAVES E SIQUEIRA";"ROBERTO DO ORION";"PTB";"PTB / PSD / SD / PMB / PROS / REDE / PRB / PPS / PTN";"2";"Eleito";"88730";"0";"830597";"10,68";"30/10/2016 18:30:25"
"GO";"Prefeito";"13";"JOÃO BATISTA GOMES PINTO";"JOÃO GOMES";"PT";"PT / PP / PRP / PMDB / PSB / PDT / PMN / PPL / PC do B / PR / PT do B";"2";"Não eleito";"84475";"0";"830597";"10,17";"30/10/2016 18:30:25"
"MA";"Prefeito";"12";"EDIVALDO DE HOLANDA BRAGA JUNIOR";"EDIVALDO HOLANDA JÚNIOR";"PDT";"PDT / PTB / PRB / PSC / PR / DEM / PROS / PC do B / PTC / PSL / PEN / PT";"2";"Eleito";"285242";"0";"528833";"53,94";"30/10/2016 19:11:10"
"MA";"Prefeito";"33";"EDUARDO SALIM BRAIDE";"EDUARDO BRAIDE";"PMN";"PMN";"2";"Não eleito";"243591";"0";"528833";"46,06";"30/10/2016 19:11:10"
"MG";"Prefeito";"31";"ALEXANDRE KALIL";"KALIL";"PHS";"PHS / REDE / PV";"2";"Eleito";"628050";"0";"1942119";"32,34";"30/10/2016 20:46:26"
"MG";"Prefeito";"45";"JOÃO LEITE DA SILVA NETO";"JOÃO LEITE";"PSDB";"PSDB / PPS / PP / DEM / PRB / PRTB";"2";"Não eleito";"557356";"0";"1942119";"28,7";"30/10/2016 20:46:26"
"MG";"Prefeito";"45";"ALEXIS JOSÉ FERREIRA DE FREITAS";"ALEX DE FREITAS";"PSDB";"PSDB / PV / PMB / PP / PPS / PSB / PT do B / PRP / PSL / SD";"2";"Eleito";"223902";"0";"1942119";"11,53";"30/10/2016 19:32:46"
"MG";"Prefeito";"15";"BRUNO DE FREITAS SIQUEIRA";"BRUNO SIQUEIRA";"PMDB";"PMDB / PSDB / PV / PRB / PP / PPL / PTB";"2";"Eleito";"151194";"0";"1942119";"7,79";"30/10/2016 19:27:45"
"MG";"Prefeito";"23";"HUMBERTO GUIMARAES SOUTO";"HUMBERTO SOUTO";"PPS";"PPS / PP / PDT / SD / REDE / PEN / PT do B / PV / PR / PSL / PRP";"2";"Eleito";"123156";"0";"1942119";"6,34";"30/10/2016 19:35:55"
"MG";"Prefeito";"13";"MARIA MARGARIDA MARTINS SALOMÃO";"MARGARIDA SALOMÃO";"PT";"PT / PROS / PC do B";"2";"Não eleito";"110059";"0";"1942119";"5,67";"30/10/2016 19:27:45"
"MG";"Prefeito";"65";"CARLOS MAGNO DE MOURA SOARES";"CARLIN MOURA";"PC do B";"PC do B / PDT / PT / PRB / PEN / PTC / PSDC / PHS / PMN / PROS / PTB";"2";"Não eleito";"82986";"0";"1942119";"4,27";"30/10/2016 19:32:46"
"MG";"Prefeito";"40";"RUY ADRIANO BORGES MUNIZ";"RUY MUNIZ";"PSB";"PSB / PMDB / PSD / PTC / PTB / PRB / PRTB / PHS / PMN";"2";"Não eleito";"65416";"0";"1942119";"3,37";"30/10/2016 19:35:55"
"MS";"Prefeito";"55";"MARCOS MARCELLO TRAD";"MARQUINHOS TRAD";"PSD";"PSD / PEN / PHS / DEM / PT do B / PMN / PTB / PPL";"2";"Eleito";"241876";"0";"411536";"58,77";"30/10/2016 17:57:27"
"MS";"Prefeito";"45";"ROSIANE MODESTO DE OLIVEIRA";"ROSE MODESTO";"PSDB";"PSDB / PR / PSB / PSL / SD / PRB / PDT";"2";"Não eleito";"169660";"0";"411536";"41,23";"30/10/2016 17:57:27"
"MT";"Prefeito";"15";"EMANUEL PINHEIRO";"EMANUEL PINHEIRO";"PMDB";"PMDB / PTB / PP / PSC / PMB / PR / PROS / SD / PPL / PT do B / PRP / PTC";"2";"Eleito";"157877";"0";"261360";"60,41";"30/10/2016 18:57:11"
"MT";"Prefeito";"45";"WILSON PEREIRA DOS SANTOS";"WILSON SANTOS";"PSDB";"PSDC / PMN / PEN / PHS / PRTB / PPS / PSL / PSDB / PSD / DEM / PSB / PV";"2";"Não eleito";"103483";"0";"261360";"39,59";"30/10/2016 18:57:11"
"PA";"Prefeito";"45";"ZENALDO RODRIGUES COUTINHO JUNIOR";"ZENALDO COUTINHO";"PSDB";"PSL / PSC / PSB / PMN / PEN / PR / PTC / PTN / PT do B / DEM / PRP / PSDC / PTB / SD / PSDB";"2";"Eleito";"396770";"0";"758146";"52,33";"30/10/2016 18:43:57"
"PA";"Prefeito";"50";"EDMILSON BRITO RODRIGUES";"EDMILSON";"PSOL";"PDT / PSOL / PPL / PV";"2";"Não eleito";"361376";"0";"758146";"47,67";"30/10/2016 18:43:57"
"PE";"Prefeito";"40";"GERALDO JULIO DE MELLO FILHO";"GERALDO JULIO";"PSB";"PMDB / PRTB / PC do B / PPL / PSC / PR / PMB / PTC / PP / PPS / PSD / PDT / PRP / SD / REDE / PSDC / PROS / PHS / PSB / PEN";"2";"Eleito";"528335";"0";"1541499";"34,27";"30/10/2016 19:09:12"
"PE";"Prefeito";"13";"JOÃO PAULO LIMA E SILVA";"JOÃO PAULO";"PT";"PRB / PT / PTN / PT do B / PTB";"2";"Não eleito";"333516";"0";"1541499";"21,64";"30/10/2016 19:09:12"
"PE";"Prefeito";"22";"ANDERSON FERREIRA RODRIGUES";"ANDERSON FERREIRA";"PR";"PR / PTN / DEM / PTB / PSL / PMB / PSC / PRB";"2";"Eleito";"171057";"0";"1541499";"11,1";"30/10/2016 19:04:10"
"PE";"Prefeito";"12";"MANOEL PEREIRA DA COSTA NECO";"NECO";"PDT";"PDT / PT do B / PEN";"2";"Não eleito";"121326";"0";"1541499";"7,87";"30/10/2016 19:04:10"
"PE";"Prefeito";"77";"LUPERCIO CARLOS DO NASCIMENTO";"PROFESSOR LUPERCIO";"SD";"SD";"2";"Eleito";"120225";"0";"1541499";"7,8";"30/10/2016 19:16:49"
"PE";"Prefeito";"45";"RAQUEL TEIXEIRA LYRA";"RAQUEL LYRA";"PSDB";"PRB / PSL / PTN / DEM / PRTB / PMN / PSDB / PEN / PT do B / PROS / PTB";"2";"Eleito";"93803";"0";"1541499";"6,09";"30/10/2016 18:57:52"
"PE";"Prefeito";"40";"ANTONIO RICARDO ACCIOLY CAMPOS";"ANTÔNIO CAMPOS";"PSB";"PSB / PHS / PR / PSC / PTC / PPL / REDE / PMB / PSDC / PROS / PEN";"2";"Não eleito";"90558";"0";"1541499";"5,87";"30/10/2016 19:16:49"
"PE";"Prefeito";"15";"ANTONIO GERALDO RODRIGUES DA SILVA";"TONY GEL";"PMDB";"PMDB / PV / PSD / PMB / PPS / SD / PSDC";"2";"Não eleito";"82679";"0";"1541499";"5,36";"30/10/2016 18:57:52"
"PR";"Prefeito";"33";"RAFAEL VALDOMIRO GRECA DE MACEDO";"RAFAEL GRECA";"PMN";"PMN / PSDB / PSB / DEM / PTN / PSDC / PT do B";"2";"Eleito";"461736";"0";"1245620";"37,07";"30/10/2016 18:16:15"
"PR";"Prefeito";"55";"NEY LEPREVOST NETO";"NEY LEPREVOST";"PSD";"PSC / PSD / PEN / PTC / PPL / PC do B / PSL";"2";"Não eleito";"405315";"0";"1245620";"32,54";"30/10/2016 18:16:15"
"PR";"Prefeito";"12";"ULISSES DE JESUS MAIA KOTSIFAS";"ULISSES MAIA";"PDT";"PDT / PV / PEN / PPL";"2";"Eleito";"118635";"0";"1245620";"9,52";"30/10/2016 18:02:54"
"PR";"Prefeito";"23";"MARCELO RANGEL CRUZ DE OLIVEIRA";"MARCELO RANGEL CRUZ OLIVEIRA";"PPS";"PPS / PSB / DEM / PSL / PSD / PSDB / PRB / PTB / PROS / PV / PP / PSC";"2";"Eleito";"98058";"0";"1245620";"7,87";"30/10/2016 18:08:23"
"PR";"Prefeito";"11";"SILVIO MAGALHÃES BARROS II";"SILVIO BARROS";"PP";"PP / PRB / PMDB / PSDB / PHS / PTB / PR / PPS / PTC / PRTB / PMN / PSDC / PSL / SD / PRP";"2";"Não eleito";"82868";"0";"1245620";"6,65";"30/10/2016 18:02:54"
"PR";"Prefeito";"18";"ALIEL MACHADO BARK";"ALIEL MACHADO";"REDE";"REDE / PTN / PR / PT / PMDB / PTC / PT do B";"2";"Não eleito";"79008";"0";"1245620";"6,34";"30/10/2016 18:08:23"
"RJ";"Prefeito";"10";"MARCELO BEZERRA CRIVELLA";"CRIVELLA";"PRB";"PRB / PTN / PR";"2";"Eleito";"1700030";"0";"4793994";"35,46";"30/10/2016 20:41:45"
"RJ";"Prefeito";"50";"MARCELO RIBEIRO FREIXO";"MARCELO FREIXO";"PSOL";"PSOL / PCB";"2";"Não eleito";"1163662";"0";"4793994";"24,27";"30/10/2016 20:41:45"
"RJ";"Prefeito";"22";"ROGERIO MARTINS LISBOA";"ROGERIO LISBOA";"PR";"PR / PT / PEN / PC do B / PPS / PDT";"2";"Eleito";"238081";"0";"4793994";"4,97";"30/10/2016 19:54:18"
"RJ";"Prefeito";"23";"JOSÉ LUIZ NANCI";"DR. JOSÉ LUIZ NANCI";"PPS";"PPS / PSL / SD";"2";"Eleito";"221754";"0";"4793994";"4,63";"30/10/2016 19:12:21"
"RJ";"Prefeito";"15";"WASHINGTON REIS DE OLIVEIRA";"WASHINGTON REIS";"PMDB";"PMDB / PSL / PPS / PRP / PHS / PSB";"2";"Eleito";"217800";"0";"4793994";"4,54";"30/10/2016 18:43:14"
"RJ";"Prefeito";"10";"DEJORGE PATRICIO DA SILVA";"DEJORGE PATRICIO";"PRB";"PRB / PMN / PRTB";"2";"Não eleito";"191699";"0";"4793994";"4";"30/10/2016 19:12:21"
"RJ";"Prefeito";"19";"JORGE MOREIRA THEODORO";"DICA";"PTN";"PTN / PRB / PT / PSC / PMN / PV / PROS / PSD / PC do B / PDT";"2";"Não eleito";"184230";"0";"4793994";"3,84";"30/10/2016 18:43:14"
"RJ";"Prefeito";"15";"NELSON ROBERTO BORNIER DE OLIVEIRA";"BORNIER";"PMDB";"PMDB / PTB / PSL / PTN / PSC / DEM / PSDC / PHS / PMN / PTC / PSB / PV / PSD / PROS / PRP / PP / PMB";"2";"Não eleito";"134422";"0";"4793994";"2,8";"30/10/2016 19:54:18"
"RJ";"Prefeito";"43";"RODRIGO NEVES BARRETO";"RODRIGO NEVES";"PV";"PV / PDT / PC do B / PTN / PRB / PT / PSL / SD / PTB / PMDB / PPS / PP / PRP / PEN / PMB / PRTB / REDE / DEM / PR";"2";"Eleito";"130473";"0";"4793994";"2,72";"30/10/2016 19:21:19"
"RJ";"Prefeito";"15";"WAGNER DOS SANTOS CARNEIRO";"WAGUINHO";"PMDB";"PMDB / PSL / PRB / PDT / PR / PT / PV / PRTB / PTN / PSC / PPS / PPL";"2";"Eleito";"117352";"0";"4793994";"2,45";"30/10/2016 18:37:07"
"RJ";"Prefeito";"40";"FELIPE DOS SANTOS PEIXOTO";"FELIPE";"PSB";"PSB / PSDB / PHS / PTC / PT do B / PSDC / PMN / PSD / PROS / PPL / PSC";"2";"Não eleito";"92205";"0";"4793994";"1,92";"30/10/2016 19:21:19"
"RJ";"Prefeito";"43";"ELDERSON FERREIRA DA SILVA";"SAMUCA SILVA";"PV";"PV";"2";"Eleito";"89055";"0";"4793994";"1,86";"30/10/2016 19:03:32"
"RJ";"Prefeito";"25";"DEODALTO JOSÉ FERREIRA";"DR.DEODALTO";"DEM";"DEM / PSDC / PHS / PMN / PMB / PSB / PSD / PROS / PRP / SD";"2";"Não eleito";"88566";"0";"4793994";"1,85";"30/10/2016 18:37:07"
"RJ";"Prefeito";"15";"BERNARDO CHIM ROSSI";"BERNARDO ROSSI";"PMDB";"PMDB / PSL / PSDC / PV / PMB / PRP / PTC / PHS / PP / PSC / PRTB / DEM / PDT / PTB / PROS / PEN / PSDB";"2";"Eleito";"79296";"0";"4793994";"1,65";"30/10/2016 19:24:54"
"RJ";"Prefeito";"10";"PAULO CÉSAR BALTAZAR DA NÓBREGA";"BALTAZAR";"PRB";"PRB / PDT / PT / PSL";"2";"Não eleito";"74049";"0";"4793994";"1,54";"30/10/2016 19:03:32"
"RJ";"Prefeito";"40";"RUBENS JOSÉ FRANÇA BOMTEMPO";"RUBENS BOMTEMPO";"PSB";"PSB / REDE / PC do B / PR / SD / PSD / PTN / PT do B / PRB";"2";"Não eleito";"71320";"0";"4793994";"1,49";"30/10/2016 19:24:54"
"RO";"Prefeito";"45";"HILDON DE LIMA CHAVES";"DR HILDON";"PSDB";"PSDB / PSDC";"2";"Eleito";"148673";"0";"228207";"65,15";"30/10/2016 20:06:17"
"RO";"Prefeito";"14";"LEONARDO BARRETO DE MORAES";"LÉO MORAES";"PTB";"PTB / PP / PRP / PTN / PROS / PSC / PPS";"2";"Não eleito";"79534";"0";"228207";"34,85";"30/10/2016 20:06:17"
"RS";"Prefeito";"45";"NELSON MARCHEZAN JUNIOR";"NELSON MARCHEZAN JUNIOR";"PSDB";"PP / PSDB / PMB / PTC";"2";"Eleito";"402165";"0";"1211693";"33,19";"30/10/2016 19:07:41"
"RS";"Prefeito";"15";"SEBASTIÃO DE ARAUJO MELO";"SEBASTIÃO MELO";"PMDB";"PMDB / PDT / PHS / PROS / PTN / PRTB / PRB / PSDC / PPS / PSB / PSD / DEM / REDE / PEN";"2";"Não eleito";"262601";"0";"1211693";"21,67";"30/10/2016 19:07:41"
"RS";"Prefeito";"10";"DANIEL ANTONIO GUERRA";"DANIEL GUERRA";"PRB";"PRB / PR / PEN";"2";"Eleito";"148501";"0";"1211693";"12,26";"30/10/2016 19:00:14"
"RS";"Prefeito";"12";"EDSON HUMBERTO NESPOLO";"EDSON NESPOLO";"PDT";"PDT / PMDB / PSB / DEM / PSD / PSDB / PSC / PT do B / PPS / SD / PTC / PRP / PMN / PHS / PPL / PROS / PTN / PV / PP / PTB / PSDC";"2";"Não eleito";"87996";"0";"1211693";"7,26";"30/10/2016 19:00:14"
"RS";"Prefeito";"14";"LUIZ CARLOS GHIORZZI BUSATO";"BUSATO";"PTB";"PMN / PTB / PSDC / PEN / PT do B / REDE / PRTB / PRP / PMDB / PR / PSC";"2";"Eleito";"84387";"0";"1211693";"6,96";"30/10/2016 18:03:30"
"RS";"Prefeito";"10";"LUCIA ELISABETH COLOMBO SILVEIRA";"BETH COLOMBO";"PRB";"PRB / PT / PDT / PP / PSB / PC do B / PROS / PPS / PSD / PV / PTC / PTN / PHS / SD";"2";"Não eleito";"80263";"0";"1211693";"6,62";"30/10/2016 18:03:30"
"RS";"Prefeito";"45";"JORGE CLADISTONE POZZOBOM";"POZZOBOM";"PSDB";"PSDB / PP / PR / DEM / PROS";"2";"Eleito";"73003";"0";"1211693";"6,02";"30/10/2016 18:48:06"
"RS";"Prefeito";"13";"ANTONIO VALDECI OLIVEIRA DE OLIVEIRA";"VALDECI OLIVEIRA";"PT";"PT / PC do B / PHS";"2";"Não eleito";"72777";"0";"1211693";"6,01";"30/10/2016 18:48:06"
"SC";"Prefeito";"15";"UDO DOHLER";"UDO DOHLER";"PMDB";"PMDB / PV / PC do B / PT do B / PSC / PTC / PROS / PTB";"2";"Eleito";"171217";"0";"712260";"24,04";"30/10/2016 18:47:29"
"SC";"Prefeito";"55";"DARCI DE MATOS";"DARCI DE MATOS";"PSD";"PSD / PSDC / PMB / PSB / PR";"2";"Não eleito";"136702";"0";"712260";"19,19";"30/10/2016 18:47:29"
"SC";"Prefeito";"15";"GEAN MARQUES LOUREIRO";"GEAN LOUREIRO";"PMDB";"PMDB / PSDB / DEM / PDT / PRB / PRTB / PSC / PTB / PTN / SD / PR / PRP / PPS / PPL / PTC";"2";"Eleito";"111943";"0";"712260";"15,72";"30/10/2016 18:53:54"
"SC";"Prefeito";"11";"ANGELA REGINA HEINZEN AMIN HELOU";"ANGELA AMIN";"PP";"PP / PSD";"2";"Não eleito";"110790";"0";"712260";"15,55";"30/10/2016 18:53:54"
"SC";"Prefeito";"45";"NAPOLEÃO BERNARDES NETO";"NAPOLEÃO BERNARDES";"PSDB";"PSDB / PSB / PRP / PT do B / PMDB / PV / PP / DEM / PTC / SD / PMB / PTB";"2";"Eleito";"104535";"0";"712260";"14,68";"30/10/2016 18:53:06"
"SC";"Prefeito";"55";"JEAN JACKSON KUHLMANN";"JEAN KUHLMANN";"PSD";"PSD / PRB / PSL / PR / PSC / PROS / PPS";"2";"Não eleito";"77073";"0";"712260";"10,82";"30/10/2016 18:53:06"
"SE";"Prefeito";"65";"EDVALDO NOGUEIRA FILHO";"EDVALDO NOGUEIRA";"PC do B";"PC do B / PT / PSD / PRP / PMDB / PT do B / PTN / PRB";"2";"Eleito";"146271";"0";"280706";"52,11";"30/10/2016 18:38:08"
"SE";"Prefeito";"40";"ANTONIO CARLOS VALADARES FILHO";"VALADARES FILHO";"PSB";"PSB / PP / PSC / PSL / PTB / PRTB / PMB / PR / PTC / PROS / PDT / PSDC / PPL / SD";"2";"Não eleito";"134435";"0";"280706";"47,89";"30/10/2016 18:38:08"
"SP";"Prefeito";"40";"GUSTAVO HENRIC COSTA";"GUTI";"PSB";"PSB / PSC / PPS / REDE";"2";"Eleito";"481541";"0";"3419660";"14,08";"30/10/2016 20:30:23"
"SP";"Prefeito";"45";"PAULO HENRIQUE PINTO SERRA";"PAULO SERRA";"PSDB";"PSDB / PTB / REDE / PV / PHS";"2";"Eleito";"276575";"0";"3419660";"8,09";"30/10/2016 19:48:31"
"SP";"Prefeito";"19";"ROGERIO LINS WANDERLEY";"ROGÉRIO LINS";"PTN";"PTN / PR / PRP";"2";"Eleito";"218779";"0";"3419660";"6,4";"30/10/2016 19:59:06"
"SP";"Prefeito";"45";"ORLANDO MORANDO JUNIOR";"ORLANDO MORANDO";"PSDB";"REDE / PEN / PHS / PMB / PRP / PRTB / PSC / PSDB / SD";"2";"Eleito";"213661";"0";"3419660";"6,25";"30/10/2016 20:22:47"
"SP";"Prefeito";"25";"JOSE ANTONIO CALDINI CRESPO";"CRESPO";"DEM";"PDT / PTB / PMDB / PTN / PPS / DEM / PMB / PTC / PV / SD / PSB / PSD / PP";"2";"Eleito";"182833";"0";"3419660";"5,35";"30/10/2016 19:56:18"
"SP";"Prefeito";"45";"ANTONIO DUARTE NOGUEIRA JUNIOR";"DUARTE NOGUEIRA";"PSDB";"PSDB / SD / PPS / PTC / PHS / DEM / PP";"2";"Eleito";"147705";"0";"3419660";"4,32";"30/10/2016 19:36:27"
"SP";"Prefeito";"23";"ALEX SPINELLI MANENTE";"ALEX MANENTE";"PPS";"PPS / PRB / PMN / DEM / PTB / PV / PPL";"2";"Não eleito";"142817";"0";"3419660";"4,18";"30/10/2016 20:22:47"
"SP";"Prefeito";"12";"ANTONIO JORGE PEREIRA LAPAS";"LAPAS";"PDT";"PDT / PC do B / PHS / PMDB / PP / PRB / PROS / PRTB / PSD / PSB / PSC / PSDC / PSL / PTB / PTC / PT do B / PV";"2";"Não eleito";"138625";"0";"3419660";"4,05";"30/10/2016 19:59:06"
"SP";"Prefeito";"50";"RAUL MARCELO DE SOUZA";"RAUL MARCELO";"PSOL";"PSOL";"2";"Não eleito";"129784";"0";"3419660";"3,8";"30/10/2016 19:56:18"
"SP";"Prefeito";"45";"LUIZ FERNANDO ARANTES MACHADO";"LUIZ FERNANDO MACHADO";"PSDB";"PSDB / PV / DEM / PR / PRP / PSB / PTB / PTN";"2";"Eleito";"116019";"0";"3419660";"3,39";"30/10/2016 19:57:35"
"SP";"Prefeito";"43";"LAURO MICHELS SOBRINHO";"LAURO MICHELS";"PV";"PV / PSDB / PC do B / PSB / PRP / PRTB / PP / PROS / PSL / DEM / PPS / PDT / PEN / PSDC / PPL";"2";"Eleito";"113585";"0";"3419660";"3,32";"30/10/2016 20:06:01"
"SP";"Prefeito";"40";"ATILA CESAR MONTEIRO JACOMUSSI";"ATILA JACOMUSSI";"PSB";"PMDB / PSL / DEM / PSB / PEN / PC do B / PRP / SD / PR / PRTB / PSDC";"2";"Eleito";"112788";"0";"3419660";"3,3";"30/10/2016 19:51:19"
"SP";"Prefeito";"12";"RICARDO AUGUSTO MACHADO DA SILVA";"RICARDO SILVA";"PDT";"PDT / PMDB / PSC / PR / PEN / PROS / PRB";"2";"Não eleito";"111697";"0";"3419660";"3,27";"30/10/2016 19:36:27"
"SP";"Prefeito";"55";"CLODOALDO ARMANDO GAZZETTA";"GAZZETTA";"PSD";"PP / PSD / PTB / PSB / DEM / PROS / PC do B / PSC / PEN / REDE";"2";"Eleito";"105751";"0";"3419660";"3,09";"30/10/2016 19:23:04"
"SP";"Prefeito";"25";"ADRIANO ELI CORREA";"ELI CORREA FILHO";"DEM";"DEM / PMDB / PRTB / PEN / PSL / PC do B / PTN / PDT";"2";"Não eleito";"95161";"0";"3419660";"2,78";"30/10/2016 20:30:23"
"SP";"Prefeito";"25";"GILSON DE SOUZA";"GILSON DE SOUZA";"DEM";"DEM / PP / PSC / PEN / PSDC / PROS";"2";"Eleito";"90817";"0";"3419660";"2,66";"30/10/2016 19:56:59"
"SP";"Prefeito";"10";"WAGNER FEITOZA";"VAGUINHO";"PRB";"PRB / PTB / PMDB / PTN / PSC / PR / PMB / SD";"2";"Não eleito";"83362";"0";"3419660";"2,44";"30/10/2016 20:06:01"
"SP";"Prefeito";"22";"RODRIGO KENJI DE SOUZA ASHIUCHI";"RODRIGO ASHIUCHI";"PR";"PDT / PHS / PTN / PEN / PC do B / PR / PRP / PT do B / SD / PSL";"2";"Eleito";"82912";"0";"3419660";"2,42";"30/10/2016 20:48:54"
"SP";"Prefeito";"55";"PEDRO ANTONIO BIGARDI";"PEDRO BIGARDI";"PSD";"PP / PRB / PC do B / PSD / PSDC / PROS / PHS / PMDB / PDT";"2";"Não eleito";"82044";"0";"3419660";"2,4";"30/10/2016 19:57:35"
"SP";"Prefeito";"40";"VALTER SUMAN";"DR. VALTER SUMAN";"PSB";"PSB / PMB / PEN / PHS";"2";"Eleito";"79702";"0";"3419660";"2,33";"30/10/2016 19:42:37"
"SP";"Prefeito";"13";"CARLOS ALBERTO GRANA";"CARLOS GRANA";"PT";"PT / PMB / PDT / PSD / PROS / PSC / PR / PC do B / PT do B / PSL / PTN";"2";"Não eleito";"77069";"0";"3419660";"2,25";"30/10/2016 19:48:31"
"SP";"Prefeito";"23";"HAIFA ALI ABDUL RAHIM MADI";"HAIFA MADI";"PPS";"PPS / PRTB / PRP";"2";"Não eleito";"77056";"0";"3419660";"2,25";"30/10/2016 19:42:37"
"SP";"Prefeito";"43";"RAUL APARECIDO GONÇALVES PAULA";"RAUL";"PV";"PV / PSDB / PR / PTN / PPS / PMB";"2";"Não eleito";"70617";"0";"3419660";"2,07";"30/10/2016 19:23:04"
"SP";"Prefeito";"45";"SIDNEI FRANCO DA ROCHA";"SIDNEI FRANCO DA ROCHA";"PSDB";"PSDB / PRB / PPS / SD / PMN / PSD";"2";"Não eleito";"70405";"0";"3419660";"2,06";"30/10/2016 19:56:59"
"SP";"Prefeito";"13";"DONISETE PEREIRA BRAGA";"DONISETE BRAGA";"PT";"PT / PDT / PTB / PV / PPS / PROS / PT do B / PRB / PP";"2";"Não eleito";"62169";"0";"3419660";"1,82";"30/10/2016 19:51:19"
"SP";"Prefeito";"14";"ISRAEL SAMPAIO DE LACERDA FILHO";"LACERDA";"PTB";"PTB / PPL / PSB / PMN / PMB / PROS / PSDC / PV / PPS";"2";"Não eleito";"56186";"0";"3419660";"1,64";"30/10/2016 20:48:54"
